{
  "silhouette": 0.4514909309424474,
  "calinski_harabasz": 152.02595828471976,
  "n_clusters": 3,
  "n_noise": 0
}