{
  "accuracy": 0.8536585365853658,
  "precision": 0.8316831683168316,
  "recall": 0.9882352941176471,
  "f1": 0.9032258064516129
}