{
  "accuracy": 0.7560975609756098,
  "precision": 0.8235294117647058,
  "recall": 0.8235294117647058,
  "f1": 0.8235294117647058
}