{
  "accuracy": 0.8211382113821138,
  "precision": 0.8461538461538461,
  "recall": 0.9058823529411765,
  "f1": 0.875
}