{
  "mae": 46942.54569892473,
  "r2": 0.8154105462253534,
  "rmse": 66298.33698233923
}