{
  "mae": 86948.67759509226,
  "r2": 0.503490417873899,
  "rmse": 108733.41035079103
}