{
  "accuracy": 0.9,
  "precision": 0.8181818181818182,
  "recall": 0.8709677419354839,
  "f1": 0.84375
}